company_name,rank,rank_change,revenue,profit,num_of_employees,sector,newcomer,prev_rank,ticker,market_cap
Walmart,1,0,572754,13673,2300000,Retailing,no,1,WMT,352037
Amazon,2,0,469822,33364,1608000,Retailing,no,2,AMZN,1202717
Apple,3,0,365817,94680,154000,Technology,no,3,AAPL,2443962
CVS Health,4,0,292111,7910,258000,Health Care,no,4,CVS,125204
UnitedHealth Group,5,0,287597,17285,350000,Health Care,no,5,UNH,500468
Exxon Mobil,6,4,285640,23040,63000,Energy,no,10,XOM,371841
Berkshire Hathaway,7,-1,276094,89795,372000,Financials,no,6,BRKA,625468
Alphabet,8,1,257637,76033,156500,Technology,no,9,GOOGL,1309359
McKesson,9,-2,238228,-4539,67500,Health Care,no,7,MCK,47377
AmerisourceBergen,10,-2,213988,1539,40000,Health Care,no,8,ABC,29972
Costco Wholesale,11,1,195929,5007,288000,Retailing,no,12,COST,230443
Cigna,12,1,174078,5365,72963,Health Care,no,13,CI,88459
AT&T,13,-2,168864,20081,202600,Telecommunications,no,11,T,148907
Microsoft,14,1,168088,61271,181000,Technology,no,15,MSFT,1941033
Cardinal Health,15,-1,162467,611,46827,Health Care,no,14,CAH,15169
Chevron,16,11,162465,15625,42595,Energy,no,27,CVX,284132
Home Depot,17,1,151157,16433,490600,Retailing,no,18,HD,308152
Walgreens Boots Alliance,18,-2,148579,2542,258500,Food & Drug Stores,no,16,WBA,33360
Marathon Petroleum,19,13,141032,9738,17700,Energy,no,32,MPC,47526
Elevance Health,20,3,138639,6104,98200,Health Care,no,23,ELV,119923
Kroger,21,-4,137888,1655,420000,Food & Drug Stores,no,17,KR,33846
Ford Motor,22,-1,136341,17937,183000,Motor Vehicles & Parts,no,21,F,50609
Verizon Communications,23,-3,133613,22065,118400,Telecommunications,no,20,VZ,211872
JPMorgan Chase,24,-5,127202,48334,271025,Financials,no,19,JPM,336469
General Motors,25,-3,127004,10019,157000,Motor Vehicles & Parts,no,22,GM,50156
Centene,26,-2,125982,1347,72500,Health Care,no,24,CNC,53429
Meta Platforms,27,7,117929,39370,71970,Technology,no,34,META,475718
Comcast,28,-2,116385,14159,189000,Telecommunications,no,26,CMCSA,185069
Phillips 66,29,19,114852,1317,14000,Energy,no,48,PSX,41091
Valero Energy,30,23,108332,930,9804,Energy,no,53,VLO,44376
Dell Technologies,31,-3,106995,5563,133000,Technology,no,28,DELL,32568
Target,32,-2,106005,6946,450000,Retailing,no,30,TGT,71112
Fannie Mae,33,-8,101543,22176,7400,Financials,no,25,FNMA,3961
United Parcel Service,34,1,97287,12890,400945,Transportation,no,35,UPS,162355
Lowe's,35,-4,96250,8442,270000,Retailing,no,31,LOW,120655
Bank of America,36,-7,93851,31978,208248,Financials,no,29,BAC,268697
Johnson & Johnson,37,-1,93775,20878,141700,Health Care,no,36,JNJ,451785
Archer Daniels Midland,38,13,85249,2709,39979,"Food, Beverages & Tobacco",no,51,ADM,41545
FedEx,39,6,83959,5231,484000,Transportation,no,45,FDX,58577
Humana,40,1,83064,2933,95500,Health Care,no,41,HUM,62653
Wells Fargo,41,-4,82407,21548,247848,Financials,no,37,WFC,162606
State Farm Insurance,42,-3,82224,1280,53586,Financials,no,39,,
Pfizer,43,34,81288,21979,79000,Health Care,no,77,PFE,288232
Citigroup,44,-11,79865,21952,221768,Financials,no,33,C,100976
PepsiCo,45,-1,79474,7618,309000,"Food, Beverages & Tobacco",no,44,PEP,234697
Intel,46,-6,79024,19868,121100,Technology,no,40,INTC,164460
Procter & Gamble,47,-4,76118,14306,101000,Household Products,no,43,PG,345595
General Electric,48,-10,74196,-6520,168000,Industrials,no,38,GE,73458
IBM,49,-7,72344,5743,297800,Technology,no,42,IBM,107307
MetLife,50,-4,71080,6554,43000,Financials,no,46,MET,49443
Prudential Financial,51,4,70934,7724,40916,Financials,no,55,PRU,35689
Albertsons,52,0,69690,850,300000,Food & Drug Stores,no,52,ACI,14087
Walt Disney,53,-3,67418,1995,171000,Media,no,50,DIS,181438
Energy Transfer,54,27,67417,5470,12558,Energy,no,81,ET,32182
Lockheed Martin,55,-6,67044,6315,114000,Aerospace & Defense,no,49,LMT,103510
Freddie Mac,56,-9,65898,12109,7301,Financials,no,47,FMCC,2055
Goldman Sachs Group,57,2,64989,21635,43900,Financials,no,59,GS,113877
Raytheon Technologies,58,-1,64388,3864,174000,Aerospace & Defense,no,57,RTX,139531
HP,59,-3,63487,6503,51000,Technology,no,56,HPQ,33951
Boeing,60,-6,62286,-4202,142000,Aerospace & Defense,no,54,BA,92372
Morgan Stanley,61,0,61121,15034,74814,Financials,no,61,MS,142829
HCA Healthcare,62,0,58752,6956,244000,Health Care,no,62,HCA,52649
AbbVie,63,5,56197,11542,50000,Health Care,no,68,ABBV,264607
Dow,64,18,54968,6311,35700,Chemicals,no,82,DOW,38189
Tesla,65,35,53823,5519,99290,Motor Vehicles & Parts,no,100,TSLA,763395
Allstate,66,4,53228,1599,54500,Financials,no,70,ALL,33721
American International Group,67,5,52057,9388,36600,Financials,no,72,AIG,40988
Best Buy,68,-2,51761,2454,81375,Retailing,no,66,BBY,17106
Charter Communications,69,-5,51682,4654,93700,Telecommunications,no,64,CHTR,89514
Sysco,70,-10,51297,524,57710,Wholesalers,no,60,SYY,44508
Merck,71,-6,51216,13049,67500,Health Care,no,65,MRK,218166
New York Life Insurance,72,-5,51198,277,14344,Financials,no,67,,-
Caterpillar,73,5,50971,6489,107700,Industrials,no,78,CAT,95735
Cisco Systems,74,-11,49818,10591,79500,Technology,no,63,CSCO,182327
TJX,75,22,48550,3282,340000,Retailing,no,97,TJX,73403
Publix Super Markets,76,-7,48393,4412,232000,Food & Drug Stores,no,69,,-
ConocoPhillips,77,79,48349,8079,9900,Energy,no,156,COP,114444
Liberty Mutual Insurance Group,78,-7,48200,3068,45000,Financials,no,71,,
Progressive,79,-5,47702,3350,49077,Financials,no,74,PGR,65485
Nationwide,80,-4,47376,1617,24134,Financials,no,76,,
Tyson Foods,81,-8,47049,3047,137000,"Food, Beverages & Tobacco",no,73,TSN,30189
Bristol-Myers Squibb,82,-7,46385,6994,32200,Health Care,no,75,BMY,155720
Nike,83,2,44538,5727,73300,Apparel,no,85,NKE,171840
Deere,84,4,44024,5963,75550,Industrials,no,88,DE,95233
American Express,85,-2,43663,8060,64000,Financials,no,83,AXP,111287
Abbott Laboratories,86,3,43075,7071,113000,Health Care,no,89,ABT,192481
StoneX Group,87,-29,42534,116,3242,Financials,no,58,SNEX,1699
Plains GP Holdings,88,39,42078,60,4100,Energy,no,127,PAGP,2131
Enterprise Products Partners,89,16,40806,4637,6911,Energy,no,105,EPD,55122
TIAA,90,-11,40526,4060,15065,Financials,no,79,,-
Oracle,91,-11,40479,13746,132000,Technology,no,80,ORCL,192514
Thermo Fisher Scientific,92,3,39211,7725,129000,Technology,no,95,TMO,202645
Coca-Cola,93,0,38655,9771,79000,"Food, Beverages & Tobacco",no,93,KO,271069
General Dynamics,94,-10,38469,3257,103100,Aerospace & Defense,no,84,GD,59618
CHS,95,8,38448,554,9941,"Food, Beverages & Tobacco",no,103,,
USAA,96,-9,37469,3300,37335,Financials,no,87,,-
Northwestern Mutual,97,-7,36751,977,7585,Financials,no,90,,-
Nucor,98,51,36483,6827,28800,Materials,no,149,NUE,31183
Exelon,99,-7,36347,1706,31518,Energy,no,92,EXC,42832
Massachusetts Mutual Life Insurance,100,23,35899,319,10052,Financials,no,123,,-
Northrop Grumman,101,-15,35667,7005,88000,Aerospace & Defense,no,86,NOC,71099
3M,102,-6,35355,5921,95000,Chemicals,no,96,MMM,75190
Travelers,103,-5,34816,3662,30492,Financials,no,98,TRV,37998
Arrow Electronics,104,-2,34477,1108,20700,Wholesalers,no,102,ARW,7851
Honeywell International,105,-11,34392,5542,99000,Industrials,no,94,HON,120646
Dollar General,106,-15,34220,2399,163000,Retailing,no,91,DG,55694
Qualcomm,107,17,33566,9043,45000,Technology,no,124,QCOM,126877
Capital One Financial,108,-9,32033,12390,50767,Financials,no,99,COF,44423
TD Synnex,109,8,31614,395,27000,Wholesalers,no,117,SNX,9174
Philip Morris International,110,-9,31405,9109,69600,"Food, Beverages & Tobacco",no,101,PM,141727
World Fuel Services,111,36,31337,73,4414,Energy,no,147,INT,1427
Performance Food Group,112,2,30398,40,22885,Wholesalers,no,114,PFGC,7818
Delta Air Lines,113,65,29899,280,83000,Transportation,no,178,DAL,20903
American Airlines Group,114,60,29882,-1993,123400,Transportation,no,174,AAL,9847
Netflix,115,0,29697,5116,11300,Media,no,115,NFLX,89579
Paramount Global,116,-7,29579,4543,25115,Media,no,109,PARA,16383
US Foods Holding,117,11,29487,164,28000,Wholesalers,no,128,USFD,7335
Danaher,118,12,29453,6433,79000,Health Care,no,130,DHR,189085
Jabil,119,-15,29285,696,238000,Technology,no,104,JBL,7554
Starbucks,120,5,29060,4199,383000,"Hotels, Restaurants & Leisure",no,125,SBUX,94677
Mondelez International,121,-13,28720,4300,79000,"Food, Beverages & Tobacco",no,108,MDLZ,85001
Eli Lilly,122,-4,28318,5581,35238,Health Care,no,118,LLY,272723.6
Hewlett Packard Enterprise,123,-17,27784,3427,60400,Technology,no,106,HPE,21725.3
D.R. Horton,124,24,27774,4175,11788,Engineering & Construction,no,148,DHI,24313
Molina Healthcare,125,30,27771,659,14000,Health Care,no,155,MOH,19572.9
CBRE Group,126,-4,27746,1836,105000,Financials,no,122,CBRE,30414.2
Micron Technology,127,8,27705,5861,43000,Technology,no,135,MU,86977.2
Broadcom,128,-7,27450,6736,20000,Technology,no,121,AVGO,257086.5
Gilead Sciences,129,-13,27305,6225,14400,Health Care,no,116,GILD,74656.5
PBF Energy,130,73,27253,231,3418,Energy,no,203,PBF,2932.6
Lennar,131,-2,27130,4430,10753,Engineering & Construction,no,129,LEN,23413
United Natural Foods,132,-25,26992,149,28300,Wholesalers,no,107,UNFI,2409.3
NRG Energy,133,200,26989,2187,6635,Energy,no,333,NRG,9855
Nvidia,134,50,26914,9752,22473,Technology,no,184,NVDA,296011
Occidental Petroleum,135,48,26772,2322,11678,Energy,no,183,OXY,53160.2
Salesforce,136,1,26492,1444,73541,Technology,no,137,CRM,210196.8
Dollar Tree,137,-26,26321,1327,136226,Retailing,no,111,DLTR,36051.4
KKR,138,178,26141,4666,3238,Financials,no,316,KKR,51542.9
Kraft Heinz,139,-29,26042,1012,36000,"Food, Beverages & Tobacco",no,110,KHC,48248.6
Amgen,140,-28,25979,5893,24200,Health Care,no,112,AMGN,134700.8
AutoNation,141,4,25844,1373,22200,Retailing,no,145,AN,6111.4
Penske Automotive Group,142,1,25554,1187,24797,Retailing,no,143,PAG,7196.7
PayPal,143,-9,25371,4169,30900,Business Services,no,134,PYPL,99538
Macy's,144,20,25292,1430,88857,Retailing,no,164,M,7123.2
Duke Energy,145,-19,24677,3908,27605,Energy,no,126,DUK,85967
United Airlines Holdings,146,54,24634,-1964,84100,Transportation,no,200,UAL,15049.7
Visa,147,-14,24105,12311,21500,Business Services,no,133,V,480022.5
Rite Aid,148,-16,24043,-90,50000,Food & Drug Stores,no,132,RAD,488.1
Cummins,149,1,24021,2131,59900,Industrials,no,150,CMI,29140.9
U.S. Bancorp,150,-37,23714,7963,68796,Financials,no,113,USB,78929.8
Paccar,151,8,23522,1852,28500,Motor Vehicles & Parts,no,159,PCAR,29101
McDonald's,152,5,23222,7545,200000,"Hotels, Restaurants & Leisure",no,157,MCD,183873.6
Southern,153,-7,23113,2393,27164,Energy,no,146,SO,76877
C.H. Robinson Worldwide,154,37,23102,844,16877,Transportation,no,191,CHRW,13855.8
Truist Financial,155,-36,23064,6440,51462,Financials,no,119,TFC,75353.9
Applied Materials,156,20,23063,5888,27000,Technology,no,176,AMAT,116431.4
Freeport-McMoRan,157,58,22845,4306,24700,Energy,no,215,FCX,72360.8
Lithia Motors,158,73,22831,1060,21150,Retailing,no,231,LAD,5678
Blackstone,159,295,22577,5857,3795,Financials,no,454,BX,88907.2
Hartford Financial Services Group,160,-18,22390,2365,18100,Financials,no,142,HIG,23815.6
Aflac,161,-30,22106,4325,12447,Financials,no,131,AFL,41812.8
Whirlpool,162,-8,21985,1783,69000,Industrials,no,154,WHR,10101.2
Union Pacific,163,-10,21804,6523,32124,Transportation,no,153,UNP,171681.6
International Paper,164,-23,21780,1752,38200,Materials,no,141,IP,17301.1
Altria Group,165,-27,21111,2475,6000,"Food, Beverages & Tobacco",no,138,MO,94951.7
CDW,166,-5,20820,988,13900,Technology,no,161,CDW,24140.2
ManpowerGroup,167,-2,20724,382,30000,Business Services,no,165,MAN,5025.6
PG&E,168,-8,20642,-102,26000,Energy,no,160,PCG,29433.7
Carrier Global,169,2,20613,1664,58000,Industrials,no,171,CARR,39127.4
Baker Hughes,170,-30,20502,-219,54000,Energy,no,140,BKR,37410.2
Cleveland-Cliffs,171,0,20444,2988,26000,Materials,yes,0,CLF,16891.2
United States Steel,172,138,20275,4174,24540,Materials,no,310,X,9832.3
Becton Dickinson,173,4,20248,2092,75000,Health Care,no,177,BDX,75749.1
CarMax,174,-38,20092,746,26889,Retailing,no,136,KMX,15305
Sherwin-Williams,175,-13,19944,1864,61626,Chemicals,no,162,SHW,65037.9
Builders FirstSource,176,174,19893,1725,28000,Materials,no,350,BLDR,9205
Marsh & McLennan,177,-2,19820,3143,83000,Financials,no,175,MMC,85681.3
PNC Financial Services Group,178,-58,19698,5674,58547,Financials,no,120,PNC,77203.4
Lumen Technologies,179,-40,19687,2033,36000,Telecommunications,no,139,LUMN,11533.4
Avnet,180,-12,19534,193,14500,Wholesalers,no,168,AVT,4016.9
Tenet Healthcare,181,-14,19485,914,88968,Health Care,no,167,THC,9387.6
Kimberly-Clark,182,-24,19440,1814,45000,Household Products,no,158,KMB,41496.1
Kohl's,183,12,19433,938,67000,Retailing,no,195,KSS,7774.6
BlackRock,184,8,19374,5901,18400,Financials,no,192,BLK,116186.2
Jones Lang LaSalle,185,1,19367,961,98200,Financials,no,186,JLL,11945.5
Lear,186,-7,19263,373,160100,Motor Vehicles & Parts,no,179,LEA,8513.1
Lincoln National,187,-15,19230,1405,10848,Financials,no,172,LNC,11271.6
Charles Schwab,188,63,18996,5855,33400,Financials,no,251,SCHW,159675.9
Ross Stores,189,53,18916,1722,100000,Retailing,no,242,ROST,31741.7
Mastercard,190,11,18884,8687,24000,Business Services,no,201,MA,349330.5
Genuine Parts,191,-18,18870,898,52000,Wholesalers,no,173,GPC,17888.1
WestRock,192,-22,18746,838,49900,Materials,no,170,WRK,12379
EOG Resources,193,92,18642,4664,2800,Energy,no,285,EOG,69796
Cognizant Technology Solutions,194,-9,18507,2137,330600,Technology,no,185,CTSH,47035
Moderna,195,0,18471,12202,2700,Health Care,yes,0,MRNA,69424.3
Steel Dynamics,196,123,18408,3214,10640,Materials,no,319,STLD,15811.5
HF Sinclair,197,82,18389,558,4208,Energy,no,279,DINO,8895.8
Texas Instruments,198,12,18344,7769,31000,Technology,no,210,TXN,169329.6
Emerson Electric,199,-18,18236,2303,86700,Industrials,no,181,EMR,58241.7
WESCO International,200,45,18217,465,18000,Wholesalers,no,245,WCC,6598.5
General Mills,201,-32,18127,2339,35000,"Food, Beverages & Tobacco",no,169,GIS,40781.8
Tenneco,202,-3,18035,35,71000,Motor Vehicles & Parts,no,199,TEN,1523
Waste Management,203,-1,17931,1816,48500,Business Services,no,202,WM,65802.8
Viatris,204,50,17886,-1269,37000,Health Care,no,254,VTRS,13160.2
DISH Network,205,-8,17881,2410,14500,Telecommunications,no,197,DISH,16743.1
L3Harris Technologies,206,-43,17814,1846,47000,Aerospace & Defense,no,163,LHX,47969.6
DXC Technology,207,-55,17729,-149,134000,Technology,no,152,DXC,7977.3
Block,208,115,17661,166,8521,Business Services,no,323,SQ,78655.9
Goodyear Tire & Rubber,209,37,17478,764,72000,Motor Vehicles & Parts,no,246,GT,4029.3
Uber Technologies,210,71,17455,-496,29300,Technology,no,281,UBER,69753
Colgate-Palmolive,211,-23,17421,2166,33800,Household Products,no,188,CL,63742.2
Stanley Black & Decker,212,-3,17252,1689,71300,Household Products,no,209,SWK,22843.3
DuPont,213,-69,17160,6467,28000,Chemicals,no,144,DD,37739.7
Stryker,214,-2,17108,1994,46000,Health Care,no,212,SYK,100978.1
NextEra Energy,215,-49,17069,3573,15000,Energy,no,166,NEE,166264.1
Targa Resources,216,148,16949,71,2430,Energy,no,364,TRGP,17243.8
Western Digital,217,-35,16922,821,65600,Technology,no,182,WDC,15536.4
PPG Industries,218,2,16802,1439,49300,Chemicals,no,220,PPG,30951.9
American Electric Power,219,-15,16792,2488,16688,Energy,no,204,AEP,50338.6
Gap,220,1,16670,256,97000,Retailing,no,221,GPS,5206.6
BJ&#8217;s Wholesale Club,221,-23,16667,426,34000,Retailing,no,198,BJ,9146.9
Reinsurance Group of America,222,-15,16658,617,3500,Financials,no,207,RGA,7354.6
Kinder Morgan,223,39,16610,1784,10529,Energy,no,262,KMI,42878.1
Oneok,224,127,16540,1499,2847,Energy,no,351,OKE,31516
Expeditors Intl. of Washington,225,74,16523,1415,19070,Transportation,no,299,EXPD,15051
Advanced Micro Devices,226,83,16434,3162,15500,Technology,no,309,AMD,93566
Fiserv,227,-22,16226,1334,44000,Business Services,no,205,FISV,66132.8
Est√©e Lauder,228,-15,16215,2870,53320,Household Products,no,213,EL,97672.1
Bank of New York Mellon,229,-49,16158,3759,49100,Financials,no,180,BK,40056.7
Laboratory Corp. of America,230,-12,16120,2377,71725,Health Care,no,218,LH,24625.8
Regeneron Pharmaceuticals,231,123,16071,8075,10368,Health Care,no,354,REGN,80226
Land O'Lakes,232,-13,15916,287,9000,"Food, Beverages & Tobacco",no,219,,
Cheniere Energy,233,95,15864,-2343,1550,Energy,no,328,LNG,35272.3
Southwest Airlines,234,102,15790,977,55093,Transportation,no,336,LUV,27129.3
Adobe,235,-1,15785,4822,25988,Technology,no,234,ADBE,215280.5
Synchrony Financial,236,-49,15752,4221,18000,Financials,no,187,SYF,18145.5
Corteva,237,-23,15655,1759,21000,"Food, Beverages & Tobacco",no,214,CTVA,41774.9
Fidelity National Financial,238,50,15643,2422,28290,Financials,no,288,FNF,10569
DTE Energy,239,11,15369,907,10300,Energy,no,250,DTE,25614.6
Murphy USA,240,82,15318,396,10430,Retailing,no,322,MUSA,4888.6
Halliburton,241,-30,15295,1457,40000,Energy,no,211,HAL,34028.9
Automatic Data Processing,242,-34,15005,2598,56000,Business Services,no,208,ADP,95577.1
Edison International,243,-17,14905,759,13003,Energy,no,226,EIX,26693.8
BorgWarner,244,51,14838,537,49300,Motor Vehicles & Parts,no,295,BWA,9335
Nordstrom,245,44,14789,178,72000,Retailing,no,289,JWN,4321.3
Loews,246,-7,14657,1578,10340,Financials,no,239,L,15971.3
Guardian Life Ins. Co. of America,247,-20,14647,288,9150,Financials,no,227,,
Pioneer Natural Resources,248,180,14643,2118,1932,Energy,no,428,PXD,60728.3
AutoZone,249,-11,14629,2170,85050,Retailing,no,238,AZO,40582.6
Lam Research,250,54,14626,3908,14100,Technology,no,304,LRCX,74996.7
American Family Insurance Group,251,-19,14611,734,13590,Financials,no,232,,
Illinois Tool Works,252,-12,14455,2694,45000,Industrials,no,240,ITW,65311.9
Parker-Hannifin,253,-30,14347,1746,54640,Industrials,no,223,PH,36456.8
Otis Worldwide,254,-18,14298,1246,70000,Industrials,no,236,OTIS,32700.9
Omnicom Group,255,-26,14289,1407,71700,Business Services,no,229,OMC,17565.7
Principal Financial,256,-50,14262,1710,18600,Financials,no,206,PFG,19176.7
Dominion Energy,257,-64,14218,3288,17100,Energy,no,193,D,68883
Kellogg,258,-36,14181,1488,31000,"Food, Beverages & Tobacco",no,222,K,21890.2
Fluor,259,-63,14156,-440,40582,Engineering & Construction,no,196,FLR,4051.7
AECOM,260,-71,14112,173,51000,Engineering & Construction,no,189,ACM,10856.5
Reliance Steel & Aluminum,261,82,14093,1413,13950,Materials,no,343,RS,11313.5
Jacobs Engineering Group,262,-37,14092,477,53500,Engineering & Construction,no,225,J,17807.4
Corning,263,14,14082,1906,61200,Industrials,no,277,GLW,31212.8
Farmers Insurance Exchange,264,-8,14055,-366,11787,Financials,no,256,,
Qurate Retail,265,-49,14044,340,26745,Retailing,no,216,QRTEA,1807.4
Pacific Life,266,37,13936,1102,3861,Financials,no,303,,
PulteGroup,267,17,13926,1946,6182,Engineering & Construction,no,284,PHM,10115.7
Fidelity National Information Services,268,-27,13877,417,65000,Business Services,no,241,FIS,61215.1
IQVIA Holdings,269,6,13874,966,79000,Health Care,no,275,IQV,44140.8
Marriott International,270,23,13857,1099,120000,"Hotels, Restaurants & Leisure",no,293,MAR,57514.9
Berry Global Group,271,-10,13850,733,47000,Materials,no,261,BERY,7832.4
Ball,272,-12,13811,878,24300,Materials,no,260,BLL,28909.1
Group 1 Automotive,273,13,13801,552,13711,Retailing,no,286,GPI,2859.9
Leidos Holdings,274,-26,13737,753,43000,Technology,no,248,LDOS,14727.7
Wayfair,275,-58,13708,-131,16681,Retailing,no,217,W,11641.6
Consolidated Edison,276,-27,13676,1346,13871,Energy,no,249,ED,33525.3
Ameriprise Financial,277,-24,13443,2760,12000,Financials,no,253,AMP,33213
Xcel Energy,278,-6,13431,1597,11321,Energy,no,272,XEL,39275.9
O'Reilly Automotive,279,-11,13327,2164,76158,Retailing,no,268,ORLY,45410.4
Global Partners,280,81,13248,60,2960,Wholesalers,no,361,GLP,927.1
Discover Financial Services,281,-48,13221,5449,16700,Financials,no,233,DFS,31076.7
Rocket Companies,282,-88,13175,308,26000,Financials,no,194,RKT,21905.9
LKQ,283,-17,13088,1090,46000,Wholesalers,no,266,LKQ,12941.4
W.W. Grainger,284,-26,13022,1043,23450,Wholesalers,no,258,GWW,26358
Quanta Services,285,-7,12980,486,43700,Engineering & Construction,no,278,PWR,18779.5
Crown Holdings,286,-17,12979,-560,26000,Materials,no,269,CCK,15460.6
Fox,287,-40,12909,2150,9000,Media,no,247,FOXA,21423.2
Sempra,288,-33,12857,1317,15390,Energy,no,255,SRE,53087.6
Markel,289,22,12846,2425,20300,Financials,no,311,MKL,20037.5
Carvana,290,193,12814,-135,21000,Retailing,no,483,CVNA,19549.5
XPO Logistics,291,-101,12806,336,44700,Transportation,no,190,XPO,8356.9
Baxter International,292,-28,12784,1284,60000,Health Care,no,264,BAX,39017.9
Ecolab,293,-56,12733,1129,47000,Chemicals,no,237,ECL,50548.4
Tractor Supply,294,-3,12731,997,34000,Retailing,no,291,TSCO,26171.6
Andersons,295,71,12728,104,2334,"Food, Beverages & Tobacco",no,366,ANDE,1151
Keurig Dr Pepper,296,-29,12683,2146,27500,"Food, Beverages & Tobacco",no,267,KDP,53748.2
Universal Health Services,297,-27,12642,991,78850,Health Care,no,270,UHS,10843.1
CSX,298,-6,12522,3781,20919,Transportation,no,292,CSX,81587.8
Henry Schein,299,-1,12401,631,21600,Health Care,no,298,HSIC,8952
Sonic Automotive,300,8,12396,348,10200,Retailing,no,308,SAH,1728.8
eBay,301,-25,12394,13608,10800,Technology,no,276,EBAY,33641.9
Textron,302,-37,12382,746,33000,Aerospace & Defense,no,265,TXT,16090.6
Jones Financial (Edward Jones),303,-8,12373,1605,50000,Financials,no,295,,-
Community Health Systems,304,-45,12368,230,58500,Health Care,no,259,CYH,1598.6
Mosaic,305,41,12357,1630,12525,Chemicals,no,346,MOS,24492.6
Thor Industries,306,62,12317,659,31000,Motor Vehicles & Parts,no,368,THO,4273
Dick's Sporting Goods,307,13,12293,1519,34300,Retailing,no,320,DKS,7986.6
Newmont,308,-35,12222,1166,14400,Energy,no,273,NEM,62968.1
Devon Energy,309,0,12206,2813,1600,Energy,yes,0,DVN,39274.1
Warner Bros. Discovery,310,-20,12191,1006,11000,Media,no,290,WBD,12700.5
J.B. Hunt Transport Services,311,4,12168,760,33045,Transportation,no,315,JBHT,21052.9
Alcoa,312,18,12152,429,12200,Materials,no,330,AA,16603.4
Peter Kiewit Sons',313,-70,12149,753,28800,Engineering & Construction,no,243,,
Aramark,314,-79,12096,-90,248300,Business Services,no,235,ARMK,9655.5
Vistra,315,-41,12077,-1274,5060,Energy,no,274,VST,10434.7
State Street,316,-64,12030,2693,38784,Financials,no,252,STT,31891.8
Unum Group,317,-87,12013,824,10200,Financials,no,230,UNM,6382.8
Alleghany,318,21,12004,1034,13313,Financials,no,339,Y,11396.1
Boston Scientific,319,-14,11888,1041,41000,Health Care,no,305,BSX,63310.2
Westlake,320,68,11778,2015,14550,Chemicals,no,388,WLK,15785.4
Entergy,321,-21,11742,1118,12369,Energy,no,300,ETR,23760.4
International Flavors & Fragrances,322,0,11656,270,24000,Chemicals,yes,0,IFF,33455.6
DaVita,323,-52,11618,978,69000,Health Care,no,271,DVA,10892.5
Mutual of Omaha Insurance,324,-42,11459,579,5739,Financials,no,282,,
Assurant,325,-23,11410,1372,15600,Financials,no,302,AIZ,10493.1
Liberty Media,326,0,11400,398,6886,Media,no,326,LSXMA,15239.1
Hormel Foods,327,-10,11386,908,20000,"Food, Beverages & Tobacco",no,317,HRL,28089.2
Icahn Enterprises,328,125,11328,-518,19536,Financials,no,453,IEP,15237.1
Republic Services,329,-32,11295,1290,35000,Business Services,no,297,RSG,41841.7
Mohawk Industries,330,-9,11200,1033,43000,Household Products,no,321,MHK,8081.8
Conagra Brands,331,-48,11184,1298,18600,"Food, Beverages & Tobacco",no,283,CAG,16103.5
Norfolk Southern,332,-25,11142,3005,18100,Transportation,no,307,NSC,68389.3
AES,333,-20,11141,-409,8450,Energy,no,313,AES,17172.1
AGCO,334,-3,11138,897,23300,Industrials,no,331,AGCO,10885.3
Caesars Entertainment,335,0,11110,-1019,49000,"Hotels, Restaurants & Leisure",yes,0,CZR,16564.6
Equitable Holdings,336,-92,11036,-439,10000,Financials,no,244,EQH,12041.2
Advance Auto Parts,337,-36,10998,616,54500,Retailing,no,301,AAP,12644.8
Biogen,338,-110,10981,1556,9610,Health Care,no,228,BIIB,30950.4
Auto-Owners Insurance,339,2,10980,1318,6441,Financials,no,341,,
Booking Holdings,340,84,10958,1165,20199,Technology,no,424,BKNG,96022.7
Amphenol,341,8,10876,1590,90000,Technology,no,349,APH,45130.1
Quest Diagnostics,342,-18,10788,1995,44500,Health Care,no,324,DGX,16348.6
FirstEnergy,343,-49,10758,1283,12395,Energy,no,294,FE,26181.6
DCP Midstream,344,98,10707,391,1788,Energy,no,442,DCP,6993.2
Ally Financial,345,-58,10690,3060,10500,Financials,no,287,ALLY,14411.6
Delek US Holdings,346,51,10648,-203,3312,Energy,no,397,DK,1500.2
Williams,347,32,10627,1517,4783,Energy,no,379,WMB,40670.4
Newell Brands,348,-23,10589,572,32000,Household Products,no,325,NWL,8902.4
Eastman Chemical,349,6,10476,857,14000,Chemicals,no,355,EMN,14450.1
Air Products & Chemicals,350,-10,10323,2099,20750,Chemicals,no,340,APD,55409.4
Thrivent Financial for Lutherans,351,18,10312,2530,3256,Financials,no,369,,
Molson Coors Beverage,352,-38,10279,1005,16300,"Food, Beverages & Tobacco",no,314,TAP,11631.8
Interpublic Group,353,-19,10240,952,55600,Business Services,no,334,IPG,13965.9
Weyerhaeuser,354,33,10201,2607,9214,Materials,no,387,WY,28315
Altice USA,355,-49,10090,990,9000,Telecommunications,no,306,ATUS,5674.1
Raymond James Financial,356,11,9910,1403,15000,Financials,no,367,RJF,22817.5
EMCOR Group,357,-13,9903,383,34000,Engineering & Construction,no,344,EME,5931.8
Eversource Energy,358,-20,9863,1220,9227,Energy,no,338,ES,30403.2
Yum China Holdings,359,4,9853,990,298500,"Hotels, Restaurants & Leisure",no,363,YUMC,17679
Asbury Automotive Group,360,45,9837,532,14200,Retailing,no,405,ABG,3714.8
Owens & Minor,361,-16,9785,221,17300,Health Care,no,345,OMI,3375.6
Public Service Enterprise Group,362,-44,9722,-648,12684,Energy,no,318,PEG,35145.5
United Rentals,363,-11,9716,1386,20400,Business Services,no,352,URI,25643.3
MGM Resorts International,364,0,9680,1254,60500,"Hotels, Restaurants & Leisure",yes,0,MGM,18257.9
Ryder System,365,-8,9663,519,42800,Transportation,no,357,R,4055.4
Intuit,366,14,9633,2062,17350,Technology,no,380,INTU,135987.6
Cincinnati Financial,367,19,9629,2945,5166,Financials,no,386,CINF,21813.3
Erie Insurance Group,368,-21,9619,1130,5805,Financials,no,347,,
Univar Solutions,369,-7,9535,460,9450,Wholesalers,no,362,UNVR,5459.8
Huntington Ingalls Industries,370,-43,9524,544,44000,Aerospace & Defense,no,327,HII,7991
W.R. Berkley,371,1,9455,1022,7681,Financials,no,372,WRB,17658.8
Western & Southern Financial Group,372,2,9441,361,2538,Financials,no,374,,
Insight Enterprises,373,-13,9436,219,11624,Technology,no,360,NSIT,3745.1
News Corp.,374,-37,9358,330,24000,Media,no,337,NWSA,13127.7
American Tower,375,0,9356,2567,6378,Financials,no,375,AMT,114527.4
Old Republic International,376,25,9341,1534,9600,Financials,no,401,ORI,7972.8
Burlington Stores,377,94,9322,408,38599,Retailing,no,471,BURL,12112.8
Avis Budget Group,378,120,9313,1285,18500,Retailing,no,498,CAR,14157
ODP,379,-67,9267,-208,26000,Retailing,no,312,ODP,2222.2
VF Corp.,380,-117,9238,407,33600,Apparel,no,263,VFC,11620
Bed Bath & Beyond,381,-101,9233,-150,37600,Retailing,no,280,BBBY,2170.5
Seaboard,382,24,9229,570,13200,"Food, Beverages & Tobacco",no,406,SEB,4881.6
First American Financial,383,26,9221,1241,22233,Financials,no,409,FAF,7087.2
Intercontinental Exchange,384,-19,9168,4058,8858,Financials,no,365,ICE,74044.8
PVH,385,19,9154,952,25000,Apparel,no,404,PVH,5210
Apollo Global Management,386,0,9124,1838,2153,Financials,yes,0,APO,37194
Jefferies Financial Group,387,32,9039,1674,5556,Financials,no,419,JEF,7248
Hershey,388,-18,8971,1477,17805,"Food, Beverages & Tobacco",no,370,HSY,44461.5
NVR,389,-6,8970,1236,6600,Engineering & Construction,no,383,NVR,15010.5
Foot Locker,390,-5,8958,893,33244,Retailing,no,385,FL,2850
Dana,391,17,8945,197,40200,Motor Vehicles & Parts,no,408,DAN,2544.4
SpartanNash,392,-63,8931,73,13300,Wholesalers,no,329,SPTN,1185.1
Olin,393,79,8910,1296,7750,Chemicals,no,472,OLN,8062
Chewy,394,9,8890,-73,21300,Retailing,no,403,CHWY,17147.3
Jackson Financial,395,0,8848,3183,3150,Financials,yes,0,JXN,3895.1
Activision Blizzard,396,-23,8803,2699,9800,Media,no,373,ATVI,62559.7
Toll Brothers,397,14,8790,833,5100,Engineering & Construction,no,411,TOL,5515.4
Carlyle Group,398,0,8782,2974,1850,Financials,yes,0,CG,9539
Graybar Electric,399,0,8767,262,8800,Wholesalers,no,399,,-
Ovintiv,400,58,8658,1416,1713,Energy,no,458,OVV,13987.5
UFP Industries,401,0,8636,535,15000,Materials,yes,0,UFPI,4471
Ulta Beauty,402,49,8630,985,28500,Retailing,no,451,ULTA,20837.8
Constellation Brands,403,-44,8614,1998,9300,"Food, Beverages & Tobacco",no,359,STZ,43763.5
Expedia Group,404,0,8598,12,14800,Retailing,yes,0,EXPE,30476.5
CommScope Holding,405,-49,8586,-462,30000,Technology,no,356,COMM,1629.7
Celanese,406,71,8537,1890,8529,Chemicals,no,477,CE,15434.1
Global Payments,407,-13,8523,965,25000,Business Services,no,394,GPN,38545.6
Owens Corning,408,5,8498,995,20000,Materials,no,413,OC,9064.7
Campbell Soup,409,-74,8476,1002,14100,"Food, Beverages & Tobacco",no,335,CPB,13446.9
Huntsman,410,50,8453,1045,9000,Chemicals,no,460,HUN,8046.9
Franklin Resources,411,73,8425,1831,10300,Financials,no,484,BEN,14019.3
Avery Dennison,412,5,8408,740,36000,Materials,no,417,AVY,14327.4
Masco,413,-15,8375,410,20000,Household Products,no,398,MAS,12062.7
CenterPoint Energy,414,-72,8352,1486,9418,Energy,no,342,CNP,19285.8
Fifth Third Bancorp,415,-57,8329,2770,19112,Financials,no,358,FITB,29511.3
WEC Energy Group,416,-16,8316,1300,6938,Energy,no,400,WEC,31483.5
S&P Global,417,-24,8297,3024,22850,Business Services,no,393,SPGI,142343.5
FM Global,418,5,8274,2842,5560,Financials,no,423,,
Polaris,419,-12,8252,493,16000,Transportation,no,407,PII,6264.1
Williams-Sonoma,420,5,8245,1126,16600,Retailing,no,425,WSM,10376
Autoliv,421,-29,8230,435,58176,Motor Vehicles & Parts,no,392,ALV,6691.1
Arthur J. Gallagher,422,-6,8209,906,39000,Financials,no,416,AJG,36598.6
Motorola Solutions,423,-28,8171,1245,18700,Technology,no,395,MSI,40555.9
Zillow Group,424,0,8147,-527,8005,Technology,yes,0,ZG,12287.1
Opendoor Technologies,425,0,8021,-662,2816,Technology,yes,0,OPEN,5364.1
J.M. Smucker,426,-48,8002,876,7100,"Food, Beverages & Tobacco",no,378,SJM,14686.4
Anywhere Real Estate,427,18,7983,343,9748,Financials,no,445,HOUS,1852.1
Oshkosh,428,-6,7952,409,15000,Industrials,no,422,OSK,6703.7
MasTec,429,12,7951,328,27000,Engineering & Construction,no,441,MTZ,6657
GXO Logistics,430,0,7940,153,97500,Transportation,yes,0,GXO,8193
APA,431,0,7928,973,2253,Energy,yes,0,APA,14332.3
Boise Cascade,432,61,7926,712,6130,Wholesalers,no,493,BCC,2405
Dover,433,-4,7907,1123,25000,Industrials,no,429,DOV,22610.3
Genworth Financial,434,-86,7882,904,2500,Financials,no,348,GNW,1917.9
Bath & Body Works,435,-178,7881,1333,32850,Retailing,no,257,BBWI,11419.9
Booz Allen Hamilton Holding,436,-45,7858,609,27700,Technology,no,391,BAH,11705.4
Coinbase Global,437,0,7839,3624,3730,Financials,yes,0,COIN,41670.4
Zimmer Biomet Holdings,438,-24,7836,401,19500,Health Care,no,414,ZBH,26772.3
Westinghouse Air Brake Technologies,439,-55,7822,558,25000,Industrials,no,384,WAB,17819.4
Zoetis,440,-9,7776,2037,12100,Health Care,no,431,ZTS,69420
Packaging Corp. of America,441,-8,7730,841,15200,Materials,no,433,PKG,14628.1
LPL Financial Holdings,442,24,7720,459,5919,Financials,no,466,LPLA,14608.8
T. Rowe Price,443,4,7671,3082,7529,Financials,no,447,TROW,34442.6
Fortune Brands Home & Security,444,12,7656,772,28056,Household Products,no,456,FBHS,9830.7
Casey's General Stores,445,-74,7654,312,27583,Retailing,no,371,CASY,7354.4
A-Mark Precious Metals,446,49,7613,159,347,Wholesalers,no,495,AMRK,890.5
Hess,447,0,7583,559,1545,Energy,yes,0,HES,33155.2
Vertex Pharmaceuticals,448,0,7574,2342,3900,Health Care,no,448,VRTX,66436.9
KeyCorp,449,-53,7561,2625,16974,Financials,no,396,KEY,20592.5
Chipotle,450,14,7547,653,97660,"Hotels, Restaurants & Leisure",no,464,CMG,41724
CMS Energy,451,-21,7538,1353,8813,Energy,no,430,CMS,20292.2
Arconic,452,24,7504,-397,13900,Materials,no,476,ARNC,2690.7
Taylor Morrison Home,453,-1,7501,663,3000,Engineering & Construction,no,452,TMHC,3301.6
American Financial Group,454,-78,7462,1995,6600,Financials,no,376,AFG,12367.8
UGI,455,-19,7447,1467,11300,Energy,no,436,UGI,7599.1
Science Applications International,456,-44,7394,277,25090,Technology,no,412,SAIC,5166.1
Avantor,457,-19,7386,572,13500,Technology,no,438,AVTR,20629.1
Hanesbrands,458,-26,7347,77,58000,Apparel,no,432,HBI,5191.4
Clorox,459,-32,7341,710,9000,Household Products,no,427,CLX,17108.7
KBR,460,10,7339,18,28000,Engineering & Construction,no,470,KBR,7634.9
TravelCenters of America,461,0,7336,58,16540,Retailing,yes,0,TA,637.5
Hertz Global Holdings,462,0,7336,366,23000,Retailing,yes,0,HTZ,9508.9
Analog Devices,463,18,7318,1390,24700,Technology,no,481,ADI,86441.2
Securian Financial Group,464,-43,7317,311,6941,Financials,no,421,,
Darden Restaurants,465,-88,7196,629,156883,"Hotels, Restaurants & Leisure",no,377,DRI,16980.9
NCR,466,-20,7156,97,38000,Technology,no,446,NCR,5474.7
Graphic Packaging Holding,466,-31,7156,204,25000,Materials,no,435,GPK,6154.4
Brighthouse Financial,468,-115,7142,-108,1500,Financials,no,353,BHF,3958.7
PPL,469,-87,7127,-1480,5607,Energy,no,382,PPL,21001.9
Cintas,470,-60,7116,1111,40000,Business Services,no,410,CTAS,43566.7
Xerox Holdings,471,-56,7038,-455,23300,Technology,no,415,XRX,3123.3
Rockwell Automation,472,-32,6997,1358,24500,Industrials,no,440,ROK,32538.4
Citizens Financial Group,473,-92,6986,2319,17463,Financials,no,381,CFG,19135.7
KLA,474,-6,6918,2078,11425,Technology,no,468,KLAC,55170.9
Camping World Holdings,475,21,6913,278,12834,Retailing,no,496,CWH,2664.6
Ingredion,476,-13,6894,117,12000,"Food, Beverages & Tobacco",no,463,INGR,5814.2
Veritiv,477,-38,6850,144,6100,Wholesalers,no,439,VRTV,2008
Beacon Roofing Supply,478,-58,6820,243,6676,Wholesalers,no,420,BECN,4175.9
Diamondback Energy,479,0,6797,2182,870,Energy,yes,0,FANG,24320
Victoria's Secret,480,0,6784,646,24000,Retailing,yes,0,VSCO,4330.4
Academy Sports and Outdoors,481,-6,6773,671,16508,Retailing,no,475,ASO,3433.5
Sanmina,482,-64,6756,269,33500,Technology,no,418,SANM,2569
ON Semiconductor,483,0,6739,1009,31650,Technology,yes,0,ON,27078.7
Commercial Metals,484,8,6729,412,11089,Materials,no,492,CMC,5056.7
EnLink Midstream,485,0,6685,22,1073,Energy,yes,0,ENLC,4670.6
Southwestern Energy,486,0,6667,-25,938,Energy,yes,0,SWN,7989.7
Equinix,487,-26,6635,500,10944,Financials,no,461,EQIX,67280.5
Dillard&#8217;s,488,0,6624,862,25350,Retailing,yes,0,DDS,4928.2
Regions Financial,489,-55,6605,2521,19626,Financials,no,434,RF,20860.9
Yum Brands,490,-12,6584,1575,25650,"Hotels, Restaurants & Leisure",no,478,YUM,34252.9
Landstar System,491,0,6540,381,1399,Transportation,yes,0,LSTR,5600
CF Industries Holdings,492,0,6538,917,3003,Chemicals,yes,0,CF,21551.3
Northern Trust,493,-50,6488,1545,21100,Financials,no,443,NTRS,24215.1
Robert Half International,494,0,6461,598,14600,Business Services,yes,0,RHI,12638.1
Compass,495,0,6421,-494,4775,Technology,yes,0,COMP,3358.8
Hasbro,496,-2,6420,428,6640,Household Products,no,494,HAS,11383.6
Roper Technologies,497,-9,6415,1152,19300,Technology,no,488,ROP,49868.8
ARKO,498,0,6412,59,11236,Retailing,yes,0,ARKO,1133.9
Frontier Communications,499,-97,6411,0,15640,Telecommunications,no,402,FYBR,6763.1
Ameren,500,-31,6394,990,9116,Energy,no,0,AEE,24198.7
O-I Glass,501,0,6357,149,24000,Materials,no,0,OI,2058
Chemours,502,0,6345,608,6400,Chemicals,no,0,CC,5015
Crown Castle International,503,0,6340,1096,5000,Financials,no,0,CCI,79937.3
Agilent Technologies,504,0,6319,1210,17000,Technology,no,0,A,39714
McCormick,505,0,6317,755,14000,"Food, Beverages & Tobacco",no,0,MKC,19156
Skechers U.S.A.,506,0,6310,741,8950,Apparel,no,0,SKX,6360.4
Watsco,507,0,6280,418,6875,Wholesalers,no,0,WSO,11842.6
Live Nation Entertainment,508,0,6268,-650,16200,Media,no,0,LYV,26425
Lululemon athletica,509,0,6256,975,29000,Retailing,no,0,LULU,46717.8
ABM Industries,510,0,6228,126,124000,Business Services,no,0,ABM,3078.7
Post Holdings,511,0,6226,166,10735,"Food, Beverages & Tobacco",no,0,POST,4284.4
Moody's,512,0,6218,2214,13460,Business Services,no,0,MCO,62548.1
Select Medical Holdings,513,0,6204,402,43200,Health Care,no,0,SEM,3208.6
Alaska Air Group,514,0,6176,478,21691,Transportation,no,0,ALK,7314.3
Big Lots,515,0,6150,177,23350,Retailing,no,0,BIG,988.1
Amkor Technology,516,0,6138,643,30400,Technology,no,0,AMKR,5313
Sinclair Broadcast Group,517,0,6134,-414,11500,Media,no,0,SBGI,2008.1
RPM International,518,0,6106,502,15490,Chemicals,no,0,RPM,10560.8
M&T Bank,519,0,6105,1858,17342,Financials,no,0,MTB,21875
Sprouts Farmers Market,520,0,6099,244,31000,Food & Drug Stores,no,0,SFM,3546.8
Huntington Bancshares,521,0,6080,1295,18442,Financials,no,0,HBAN,21123.4
CACI International,522,0,6044,457,22000,Technology,no,0,CACI,7051.2
JetBlue Airways,523,0,6037,-182,17459,Transportation,no,0,JBLU,4786.9
SVB Financial Group,524,0,6027,1833,6567,Financials,no,0,SIVB,32901
Fastenal,525,0,6010,925,18370,Wholesalers,no,0,FAST,34187.9
GameStop,526,0,6010,-381,22500,Retailing,no,0,GME,12716.6
Knight-Swift Transportation Holdings,527,0,5998,743,27650,Transportation,no,0,KNX,8386
Airbnb,528,0,5991,-352,6132,Technology,no,0,ABNB,110419.9
Patterson,529,0,5912,156,7800,Health Care,no,0,PDCO,3160
PENN Entertainment,530,0,5905,420,21973,"Hotels, Restaurants & Leisure",no,0,PENN,7140.2
ServiceNow,531,0,5896,230,16881,Technology,no,0,NOW,70419
Nasdaq,532,0,5886,1187,5814,Financials,no,0,NDAQ,29298.2
Brunswick,533,0,5846,593,18582,Transportation,no,0,BC,6197.3
Resideo Technologies,534,0,5846,242,13300,Materials,no,0,REZI,3455.8
Chesapeake Energy,535,0,5809,0,1300,Energy,no,0,CHK,11135.9
Petco Health and Wellness,536,0,5807,164,28495,Retailing,no,0,WOOF,5930.2
Kemper,537,0,5793,-120,10300,Financials,no,0,KMPR,3606
Hilton Worldwide Holdings,538,0,5788,410,142000,"Hotels, Restaurants & Leisure",no,0,HLT,42356.6
Cerner,539,0,5764,555,25150,Health Care,no,0,,27492.2
Levi Strauss,540,0,5763,553,16600,Apparel,no,0,LEVI,5740
Tapestry,541,0,5746,834,14250,Apparel,no,0,TPR,9807.2
NetApp,542,0,5744,730,11000,Technology,no,0,NTAP,18470.5
KB Home,543,0,5724,564,2244,Engineering & Construction,no,0,KBH,2858.1
Continental Resources,544,0,5719,1661,1254,Energy,no,0,CLR,22342.4
Intuitive Surgical,545,0,5710,1704,9793,Health Care,no,0,ISRG,108361.9
Under Armour,546,0,5683,360,12300,Apparel,no,0,UAA,7712.4
MDU Resources Group,547,0,5680,378,12826,Energy,no,0,MDU,5419.3
Silgan Holdings,548,0,5677,359,15720,Materials,no,0,SLGN,5104.3
Ryerson Holding,549,0,5675,294,4000,Materials,no,0,RYI,1344.6
Ingersoll Rand,550,0,5655,562,16000,Industrials,no,0,IR,20541.2
Hologic,551,0,5632,1871,6705,Health Care,no,0,HOLX,16063
Electronic Arts,552,0,5629,837,11000,Media,no,0,EA,35577.4
Zebra Technologies,553,0,5627,837,9800,Industrials,no,0,ZBRA,21959.1
Coty,554,0,5616,-201,11430,Household Products,no,0,COTY,7540.6
Schneider National,555,0,5608,405,17050,Transportation,no,0,SNDR,4551.6
Sonoco Products,556,0,5590,-85,20500,Materials,no,0,SON,6099.1
Concentrix,557,0,5587,405,290000,Technology,no,0,CNXC,8605.2
Evergy,558,0,5586,879,4930,Energy,no,0,EVRG,15512.7
Cornerstone Building Brands,559,0,5583,665,21700,Materials,no,0,,3088.7
Coca-Cola Consolidated,560,0,5562,189,15050,"Food, Beverages & Tobacco",no,0,COKE,4657.3
Greif,561,0,5556,390,16000,Materials,no,0,GEF,3134
Vulcan Materials,562,0,5552,670,11912,Materials,no,0,VMC,24412.7
Ametek,563,0,5546,990,18500,Technology,no,0,AME,30787.3
Monster Beverage,564,0,5541,1377,3775,"Food, Beverages & Tobacco",no,0,MNST,42295.8
Sealed Air,565,0,5533,506,16500,Materials,no,0,SEE,9920.7
NOV,566,0,5524,-250,27043,Energy,no,0,NOV,7700.2
Las Vegas Sands,567,0,5505,-961,44600,"Hotels, Restaurants & Leisure",no,0,LVS,29696.4
Martin Marietta Materials,568,0,5493,702,10000,Materials,no,0,MLM,24015.1
Marathon Oil,569,0,5467,946,1531,Energy,no,0,MRO,18349.5
Mattel,570,0,5457,903,36300,Household Products,no,0,MAT,7823.3
Microchip Technology,571,0,5438,349,19500,Technology,no,0,MCHP,41777.1
Harley-Davidson,572,0,5336,650,5800,Transportation,no,0,HOG,6062.9
Telephone & Data Systems,573,0,5329,156,8800,Telecommunications,no,0,TDS,2163.4
ADT,574,0,5307,-340,25000,Business Services,no,0,ADT,6843
First Republic Bank,575,0,5305,1478,6295,Financials,no,0,FRC,29113.6
Warner Music Group,576,0,5301,304,5900,Media,no,0,WMG,19485.7
Pool,577,0,5295,650,5650,Wholesalers,no,0,POOL,12608
Old Dominion Freight Line,578,0,5256,1034,23663,Transportation,no,0,ODFL,34307.5
Fortive,579,0,5254,608,18000,Industrials,no,0,FTV,21877.9
MDC Holdings,580,0,5254,573,2080,Engineering & Construction,no,0,MDC,2692.7
NGL Energy Partners,581,0,5243,-639,997,Energy,no,0,NGL,288.6
Edwards Lifesciences,582,0,5232,1503,15700,Health Care,no,0,EW,73141.4
Hanover Insurance Group,583,0,5227,418,4400,Financials,no,0,THG,5317.9
Syneos Health,584,0,5213,234,27443,Health Care,no,0,SYNH,8436.7
Xylem,585,0,5195,427,16700,Industrials,no,0,XYL,15354.7
Church & Dwight,586,0,5190,827,5100,Household Products,no,0,CHD,24119.1
American Axle & Manufacturing,587,0,5156,5,18000,Motor Vehicles & Parts,no,0,AXL,888.3
Meritage Homes,588,0,5141,737,1773,Engineering & Construction,no,0,MTH,2907.3
Workday,589,0,5138,29,15200,Technology,no,0,WDAY,60583.4
Rush Enterprises,590,0,5126,241,7141,Retailing,no,0,RUSHB,2788.5
Yellow,591,0,5121,-109,32000,Transportation,no,0,YELL,360.3
Encompass Health,592,0,5121,412,35681,Health Care,no,0,EHC,7071.1
Simon Property Group,593,0,5116,2249,2850,Financials,no,0,SPG,43197.8
Globe Life,594,0,5112,745,3222,Financials,no,0,GL,9977.3
Skyworks Solutions,595,0,5109,1498,10945,Technology,no,0,SWKS,21547.5
Endeavor Group Holdings,596,0,5077,-296,7700,Media,no,0,EDR,20363.1
Twitter,597,0,5077,-221,7500,Technology,no,0,,30976.8
Leggett & Platt,598,0,5072,402,20300,Household Products,no,0,LEG,4659
Western Union,599,0,5070,805,10500,Business Services,no,0,WU,7374.7
PerkinElmer,600,0,5067,943,16700,Health Care,no,0,PKI,15984
SS&C Technologies Holdings,601,0,5051,800,24900,Technology,no,0,SSNC,19235.1
CUNA Mutual Group,602,0,5049,622,4100,Financials,no,0,,
FMC,603,0,5045,736,6400,Chemicals,no,0,FMC,16563.8
Carlisle,604,0,5030,421,11250,Materials,no,0,CSL,12804.5
American Eagle Outfitters,605,0,5010,419,24000,Retailing,no,0,AEO,2836.6
Core & Main,606,0,5004,166,4100,Wholesalers,no,0,CNM,5948.8
Vertiv Holdings,607,0,4998,119,24000,Industrials,no,0,VRT,5263.9
Broadridge Financial Solutions,608,0,4993,547,13704,Business Services,no,0,BR,18182.7
Ingles Markets,609,0,4987,249,18460,Food & Drug Stores,no,0,IMKTA,1691.4
TPG,610,0,4976,2180,1013,Financials,no,0,TPG,9304.9
Insperity,611,0,4973,124,3600,Business Services,no,0,NSP,3849.8
Howmet Aerospace,612,0,4972,258,19900,Aerospace & Defense,no,0,HWM,15055.4
R.R. Donnelley & Sons,613,0,4963,3,32000,Media,no,0,RRD,289.9
Keysight Technologies,614,0,4941,894,14300,Technology,no,0,KEYS,28746.6
Tempur Sealy International,615,0,4930,624,12000,Household Products,no,0,TPX,4506
Scotts Miracle-Gro,616,0,4925,512,8050,Chemicals,no,0,SMG,6834.6
Equifax,617,0,4923,744,12700,Business Services,no,0,EFX,29141.8
Kelly Services,618,0,4909,156,7400,Business Services,no,0,KELYA,856
NiSource,619,0,4899,584,7307,Energy,no,0,NI,12891.2
OneMain Holdings,620,0,4895,1314,8800,Financials,no,0,OMF,6042.8
DoorDash,621,0,4888,-468,8600,Technology,no,0,DASH,40830.3
Avient,622,0,4818,230,8700,Chemicals,no,0,AVNT,4388.4
Sanderson Farms,623,0,4799,455,17662,"Food, Beverages & Tobacco",no,0,,4185.4
TransDigm Group,624,0,4798,680,13300,Aerospace & Defense,no,0,TDG,36135.8
Stifel Financial,625,0,4783,824,8600,Financials,no,0,SF,7226
JELD-WEN Holding,626,0,4771,168,24700,Materials,no,0,JELD,1826
Ares Management,627,0,4770,408,2100,Financials,no,0,ARES,18940
Elanco Animal Health,628,0,4765,-472,9800,Health Care,no,0,ELAN,12345.4
Prologis,629,0,4759,2939,2053,Financials,no,0,PLD,119524.5
Welltower,630,0,4742,336,464,Financials,no,0,WELL,43001.5
Darling Ingredients,631,0,4741,650,9900,"Food, Beverages & Tobacco",no,0,DAR,12987.4
Juniper Networks,632,0,4735,252,10191,Technology,no,0,JNPR,11986.6
Gartner,633,0,4734,793,16600,Technology,no,0,IT,24477.2
Par Pacific Holdings,634,0,4710,-81,1336,Energy,no,0,PARR,783.3
Hubbell,635,0,4703,399,18300,Industrials,no,0,HUBB,9959.6
CME Group,636,0,4689,2636,3480,Financials,no,0,CME,85492.3
Nexstar Media Group,637,0,4648,834,11817,Media,no,0,NXST,6883
Tutor Perini,638,0,4641,91,7800,Engineering & Construction,no,0,TPC,551.8
Antero Resources,639,0,4619,-186,519,Energy,no,0,AR,9608
Teledyne Technologies,640,0,4614,445,14500,Aerospace & Defense,no,0,TDY,22102.9
Snap-on,641,0,4601,820,12800,Industrials,no,0,SNA,10976.1
Rent-A-Center,642,0,4583,134,14290,Retailing,no,0,RCII,1486.9
Covetrus,643,0,4575,-54,4873,Health Care,no,0,CVET,2319.3
Crestwood Equity Partners,644,0,4569,-78,645,Energy,no,0,CEQP,2931.5
Louisiana-Pacific,645,0,4553,1377,4800,Materials,no,0,LPX,4071
Urban Outfitters,646,0,4548,310,16330,Retailing,no,0,URBN,2421.4
Penn Mutual Life Insurance,647,0,4545,522,3194,Financials,no,0,,
Amerco,648,0,4542,610,22052,Transportation,no,0,UHAL,11704.7
TriNet Group,649,0,4540,338,2800,Business Services,no,0,TNET,6482.5
Sentry Insurance Group,650,0,4526,739,4064,Financials,no,0,,
Illumina,651,0,4526,762,10775,Technology,no,0,ILMN,54855.8
Iron Mountain,652,0,4491,450,25000,Business Services,no,0,IRM,16059.5
LCI Industries,653,0,4472,287,13900,Motor Vehicles & Parts,no,0,LCII,2624.5
Marvell Technology,654,0,4462,-421,6712,Technology,no,0,MRVL,60795.7
PennyMac Financial Services,655,0,4450,1003,7208,Financials,no,0,PFSI,2368
Digital Realty Trust,656,0,4427,1709,3030,Financials,no,0,DLR,40337.7
TreeHouse Foods,657,0,4405,-12,10000,"Food, Beverages & Tobacco",no,0,THS,1800
Ralph Lauren,658,0,4400,-121,16200,Apparel,no,0,RL,8073.2
Mattress Firm Group,659,0,4392,-165,8900,Retailing,no,0,,
American National Group,660,0,4391,699,4545,Financials,no,0,,5084.1
Autodesk,661,0,4386,497,12600,Technology,no,0,ADSK,46580
Domino's Pizza,662,0,4357,510,10450,"Hotels, Restaurants & Leisure",no,0,DPZ,14665.9
ASGN,663,0,4333,409,3900,Business Services,no,0,ASGN,6022.2
Flowers Foods,664,0,4330,206,8900,"Food, Beverages & Tobacco",no,0,FLO,5438.6
BlueLinx Holdings,665,0,4277,296,2045,Wholesalers,no,0,BXC,699.5
Palo Alto Networks,666,0,4256,-498,10473,Technology,no,0,PANW,61307.5
Maximus,667,0,4254,291,35800,Technology,no,0,MMS,4641.1
Dentsply Sirona,668,0,4251,421,15000,Health Care,no,0,XRAY,10708
Hub Group,669,0,4232,171,4700,Transportation,no,0,HUBG,2678.5
Bread Financial Holdings,670,0,4230,801,6000,Business Services,no,0,BFH,2804.6
Voya Financial,670,0,4230,2126,5970,Financials,no,0,VOYA,7042.2
Weis Markets,672,0,4224,108,24000,Food & Drug Stores,no,0,WMK,1921.1
Century Communities,673,0,4216,498,1600,Engineering & Construction,no,0,CCS,1388
Synopsys,674,0,4204,757,16361,Technology,no,0,SNPS,51023.2
Brink's,675,0,4200,105,73350,Business Services,no,0,BCO,3234.4
Lennox International,676,0,4194,464,11000,Industrials,no,0,LII,9447.2
Service Corp. International,677,0,4143,802,20840,Business Services,no,0,SCI,10581.3
Conduent,678,0,4140,-28,60000,Business Services,no,0,CNDT,1111.6
Timken,679,0,4132,369,18029,Industrials,no,0,TKR,4539.6
Domtar,680,0,4132,-27,6100,Materials,no,0,,1856.2
Bloomin' Brands,681,0,4122,215,82000,"Hotels, Restaurants & Leisure",no,0,BLMN,1966.6
CNO Financial Group,682,0,4122,441,3350,Financials,no,0,CNO,2945.7
Snap,683,0,4117,-488,5661,Technology,no,0,SNAP,58458.4
Zoom Video Communications,684,0,4099,1375,6787,Technology,no,0,ZM,22826
Patrick Industries,685,0,4078,224,11000,Materials,no,0,PATK,1408.2
Paychex,686,0,4056,1097,15000,Business Services,no,0,PAYX,49268
Atlas Air Worldwide Holdings,687,0,4030,493,4056,Transportation,no,0,AAWW,2523.4
Bright Health Group,688,0,4029,-1184,3203,Health Care,no,0,BHG,1213.5
Peloton Interactive,689,0,4021,-189,8662,"Hotels, Restaurants & Leisure",no,0,PTON,8760.9
Country Financial,690,0,4016,419,3149,Financials,no,0,,
Qorvo,691,0,4015,733,8750,Technology,no,0,QRVO,13456.4
Catalent,692,0,3998,585,17300,Health Care,no,0,CTLT,13377
Mercury General,693,0,3993,247,4300,Financials,no,0,MCY,3045.4
AMN Healthcare Services,694,0,3984,327,3800,Health Care,no,0,AMN,4867
Tri Pointe Homes,695,0,3982,469,1390,Engineering & Construction,no,0,TPH,2160.1
ArcBest,696,0,3980,213,14000,Transportation,no,0,ARCB,1979.7
Toro,697,0,3959,409,10982,Industrials,no,0,TTC,8936.9
Spirit AeroSystems Holdings,698,0,3953,-540,16100,Aerospace & Defense,no,0,SPR,5130.6
Align Technology,699,0,3952,772,22540,Health Care,no,0,ALGN,34354.8
loanDepot,700,0,3943,113,11307,Financials,no,0,LDI,1290.3
APi Group,701,0,3940,47,13300,Engineering & Construction,no,0,APG,4891.1
American Water Works,702,0,3930,1263,6400,Energy,no,0,AWK,30085.5
Matson,703,0,3925,927,4259,Transportation,no,0,MATX,2740
Diebold Nixdorf,704,0,3905,-78,22000,Technology,no,0,DBD,531.2
Marriott Vacations Worldwide,705,0,3890,49,20300,"Hotels, Restaurants & Leisure",no,0,VAC,6620
Terex,706,0,3886,220,8600,Industrials,no,0,TEX,2485.5
Sally Beauty Holdings,707,0,3875,239,29000,Retailing,no,0,SBH,1720.5
Enovis,708,0,3854,71,16200,Industrials,no,0,ENOV,6419.3
IAC,709,0,3845,597,13200,Technology,no,0,IAC,9001.4
Meritor,710,0,3833,199,9600,Motor Vehicles & Parts,no,0,,2519.4
Ventas,711,0,3828,49,434,Financials,no,0,VTR,24676.2
GoDaddy,712,0,3815,242,6611,Technology,no,0,GDDY,14018.7
Regal Rexnord,713,0,3810,209,30000,Industrials,no,0,RRX,10002.1
Puget Energy,714,0,3805,260,3185,Energy,no,0,,
Clean Harbors,715,0,3805,203,18300,Business Services,no,0,CLH,6073.8
Pinnacle West Capital,716,0,3803,618,5872,Energy,no,0,PNW,8820
eXp World Holdings,717,0,3771,81,1669,Financials,no,0,EXPI,3149.3
Mueller Industries,718,0,3769,468,5337,Industrials,no,0,MLI,3100.4
Wynn Resorts,719,0,3763,-755,26950,"Hotels, Restaurants & Leisure",no,0,WYNN,9243.3
RH,720,0,3758,688,6100,Retailing,no,0,RH,7079
EPAM Systems,721,0,3758,481,58824,Technology,no,0,EPAM,16870.7
M/I Homes,722,0,3745,396,1657,Engineering & Construction,no,0,MHO,1262.2
Generac Holdings,723,0,3737,550,9248,Industrials,no,0,GNRC,9189
Mettler-Toledo International,724,0,3717,769,16700,Technology,no,0,MTD,31220.3
Abercrombie & Fitch,725,0,3712,263,19250,Retailing,no,0,ANF,1619.5
Teradyne,726,0,3702,1014,5900,Technology,no,0,TER,11211
American Equity Investment Life Holding,727,0,3689,474,850,Financials,no,0,AEL,3869.2
Southwest Gas Holdings,728,0,3680,200,12720,Energy,no,0,SWX,5233.6
Pitney Bowes,729,0,3673,-1,11500,Technology,no,0,PBI,900.1
Lamb Weston Holdings,730,0,3670,317,7800,"Food, Beverages & Tobacco",no,0,LW,8699.1
Alliant Energy,731,0,3669,659,3313,Energy,no,0,LNT,15670.6
Resolute Forest Products,732,0,3664,307,6900,Materials,no,0,RFP,991.7
Parsons,733,0,3660,64,15500,Aerospace & Defense,no,0,PSN,4012
Trimble,734,0,3659,492,11931,Technology,no,0,TRMB,18122.7
OGE Energy,735,0,3653,737,2185,Energy,no,0,OGE,8164.2
Garrett Motion,736,0,3633,0,7600,Motor Vehicles & Parts,no,0,GTX,463.9
Winnebago Industries,737,0,3629,281,6532,Motor Vehicles & Parts,no,0,WGO,1826
Ciena,738,0,3620,500,7205,Technology,no,0,CIEN,9223.4
PriceSmart,739,0,3619,98,10400,Retailing,no,0,PSMT,2434.1
Advantage Solutions,740,0,3602,54,45000,Business Services,no,0,ADV,2029.6
H&R Block,741,0,3588,683,38000,Financials,no,0,HRB,4284.6
iHeartMedia,742,0,3558,-159,9990,Media,no,0,IHRT,2728.1
Super Micro Computer,743,0,3557,111,4155,Technology,no,0,SMCI,1963
Flowserve,744,0,3541,125,16000,Industrials,no,0,FLS,4681.4
Charles River Laboratories International,745,0,3540,391,19300,Health Care,no,0,CRL,14425.4
A.O. Smith,746,0,3538,487,13700,Industrials,no,0,AOS,10032.2
Rithm Capital,747,0,3533,772,12296,Financials,no,0,RITM,5125
Medical Mutual of Ohio,748,0,3514,78,2834,Financials,no,0,,
Granite Construction,749,0,3501,10,2600,Engineering & Construction,no,0,GVA,1504.7
Valmont Industries,750,0,3501,195,11041,Materials,no,0,VMI,5083.4
Sprague Resources,751,0,3498,-68,757,Energy,no,0,SRLP,433.7
Primoris Services,752,0,3497,115,10810,Engineering & Construction,no,0,PRIM,1269.8
Cboe Global Markets,753,0,3494,529,1196,Financials,no,0,CBOE,12148.2
Carter's,754,0,3486,339,15900,Apparel,no,0,CRI,3763.4
TopBuild,755,0,3486,324,13006,Engineering & Construction,no,0,BLD,5987.1
SiteOne Landscape Supply,756,0,3475,238,5475,Wholesalers,no,0,SITE,7255.5
Texas Roadhouse,757,0,3463,245,73300,"Hotels, Restaurants & Leisure",no,0,TXRH,5787.8
Akamai Technologies,758,0,3461,651,8700,Technology,no,0,AKAM,19210
Brown-Forman,759,0,3461,903,4700,"Food, Beverages & Tobacco",no,0,BFB,31376.6
Acuity Brands,759,0,3461,306,13000,Industrials,no,0,AYI,6628.9
Navient,761,0,3454,717,5263,Financials,no,0,NAVI,2592.3
Coterra Energy,762,0,3449,1158,936,Energy,no,0,CTRA,21872.1
Option Care Health,763,0,3438,139,6334,Health Care,no,0,OPCH,5139
Floor & Decor Holdings,764,0,3433,283,9276,Retailing,no,0,FND,7490
Public Storage,765,0,3415,1953,5800,Financials,no,0,PSA,68438.2
Cabot,766,0,3409,250,4500,Chemicals,no,0,CBT,3871.1
Crane Holdings,767,0,3408,435,11000,Industrials,no,0,CR,6158.9
Atmos Energy,768,0,3407,665,4684,Energy,no,0,ATO,16182.8
Selective Insurance Group,769,0,3379,403,2440,Financials,no,0,SIGI,5391.5
Take-Two Interactive Software,770,0,3372,588,6495,Media,no,0,TTWO,17744.1
Boyd Gaming,771,0,3369,463,15114,"Hotels, Restaurants & Leisure",no,0,BYD,7234
Plexus,772,0,3368,138,19200,Technology,no,0,PLXS,2298.6
ScanSource,773,0,3364,10,2200,Wholesalers,no,0,SCSC,890.8
Franchise Group,774,0,3362,363,11895,Retailing,no,0,FRG,1669.6
NLV Financial,775,0,3350,392,1157,Financials,no,0,,
CrossAmerica Partners,776,0,3350,21,2218,Energy,no,0,CAPL,826.5
Mr. Cooper Group,777,0,3344,1454,8200,Financials,no,0,COOP,3369.4
Fortinet,778,0,3342,606,10195,Technology,no,0,FTNT,39789
Brinker International,779,0,3337,131,59491,"Hotels, Restaurants & Leisure",no,0,EAT,1701.9
Albemarle,780,0,3328,123,6000,Chemicals,no,0,ALB,25899.4
Peabody Energy,781,0,3318,360,4900,Energy,no,0,BTU,3391.5
Light & Wonder,782,0,3310,371,5600,"Hotels, Restaurants & Leisure",no,0,LNW,5679.7
Evercore,783,0,3307,740,1940,Financials,no,0,EVR,4275.1
Stewart Information Services,784,0,3305,323,7300,Financials,no,0,STC,1181
Central Garden & Pet,785,0,3303,151,6750,Household Products,no,0,CENT,2286.5
GMS,786,0,3298,105,5843,Wholesalers,no,0,GMS,2142.1
H.B. Fuller,787,0,3278,161,6500,Chemicals,no,0,FUL,3505.2
Middleby,788,0,3250,488,10624,Industrials,no,0,MIDD,8961.1
Renewable Energy Group,789,0,3244,213,1196,Energy,no,0,,3056.2
MSC Industrial Direct,790,0,3243,216,6472,Wholesalers,no,0,MSM,4758.3
Vishay Intertechnology,791,0,3240,298,22800,Technology,no,0,VSH,2840.1
Applied Industrial Technologies,792,0,3235,144,5947,Wholesalers,no,0,AIT,3947.9
Lincoln Electric Holdings,793,0,3234,276,11000,Industrials,no,0,LECO,8079.1
First Horizon,794,0,3234,999,7676,Financials,no,0,FHN,12542.9
Spirit Airlines,795,0,3230,-472,9823,Transportation,no,0,SAVE,2375.4
AptarGroup,796,0,3227,244,13000,Materials,no,0,ATR,7702.9
Citrix Systems,797,0,3217,307,9700,Technology,no,0,CTXS,12704.6
IDEXX Laboratories,798,0,3215,744,10350,Health Care,no,0,IDXX,46089.3
Tetra Tech,799,0,3213,232,21000,Engineering & Construction,no,0,TTEK,8906.7
Lyft,800,0,3208,-1009,4453,Technology,no,0,LYFT,13384.6
Gannett,801,0,3208,-135,16300,Media,no,0,GCI,643.9
ResMed,802,0,3196,474,7970,Health Care,no,0,RMD,35463.3
Designer Brands,803,0,3196,154,13500,Retailing,no,0,DBI,991.4
Graham Holdings,804,0,3186,352,15048,Business Services,no,0,GHC,3000.6
Vroom,805,0,3184,-370,1807,Retailing,no,0,VRM,364.7
Worthington Industries,806,0,3171,723,9000,Materials,no,0,WOR,2537.8
Calumet Specialty Products Partners,807,0,3148,-260,1450,Energy,no,0,CLMT,1070.8
Xilinx,808,0,3147,646,4890,Technology,no,0,XLNX,30450.5
TransUnion,809,0,3145,1387,10200,Business Services,no,0,TRU,19882.6
Travel + Leisure,810,0,3134,308,16800,"Hotels, Restaurants & Leisure",no,0,TNL,4966.2
Topgolf Callaway Brands,811,0,3133,322,24800,"Hotels, Restaurants & Leisure",no,0,ELY,4337.1
Dycom Industries,812,0,3130,48,15024,Engineering & Construction,no,0,DY,2821
Columbia Sportswear,813,0,3126,354,8325,Apparel,no,0,COLM,5840.4
Coherent,814,0,3105,297,22961,Technology,no,0,COHR,7708.2
Change Healthcare,815,0,3090,-112,15000,Health Care,no,0,,6799.3
Grocery Outlet Holding,816,0,3079,62,875,Food & Drug Stores,no,0,GO,3148
AMC Networks,817,0,3077,250,1883,Media,no,0,AMCX,1721.7
Hyster-Yale Materials Handling,818,0,3075,-173,8100,Industrials,no,0,HY,561.2
ChampionX,819,0,3075,113,7000,Energy,no,0,CHX,4976.7
Comfort Systems USA,820,0,3073,143,13200,Engineering & Construction,no,0,FIX,3200.5
EQT,821,0,3064,-1155,693,Energy,no,0,EQT,12955.4
Brown & Brown,822,0,3051,587,12023,Financials,no,0,BRO,20395.7
LGI Homes,823,0,3050,429,952,Engineering & Construction,no,0,LGIH,1884
Hyatt Hotels,824,0,3028,-222,44000,"Hotels, Restaurants & Leisure",no,0,H,10498.3
Comerica,825,0,3024,1168,7442,Financials,no,0,CMA,11854.4
Energizer Holdings,826,0,3021,160,6000,Household Products,no,0,ENR,2191.7
Hill-Rom Holdings,827,0,3018,248,10000,Health Care,no,0,HRC,7331.7
Rackspace Technology,828,0,3009,-218,6600,Technology,no,0,RXT,2365.6
Verisk Analytics,829,0,2998,666,9367,Business Services,no,0,VRSK,34616.2
Spectrum Brands Holdings,830,0,2998,189,12100,Household Products,no,0,SPB,3617.6
Euronet Worldwide,831,0,2995,70,8800,Business Services,no,0,EEFT,6658.2
TEGNA,832,0,2991,477,6200,Media,no,0,TGNA,4962.6
Vontier,833,0,2990,413,8500,Technology,no,0,VNT,4087.8
Cadence Design Systems,834,0,2988,696,9298,Technology,no,0,CDNS,45781.7
Incyte,835,0,2986,948,2094,Health Care,no,0,INCY,17577.6
Match Group,836,0,2983,277,2520,Technology,no,0,MTCH,31007
Valvoline,837,0,2981,420,9800,Chemicals,no,0,VVV,5660.5
EnerSys,838,0,2977,143,11400,Industrials,no,0,ENS,3076
Avaya Holdings,839,0,2973,-13,8063,Technology,no,0,AVYA,1076
UWM Holdings,840,0,2970,98,8000,Financials,no,0,UWMC,7223.5
Zions Bancorp.,841,0,2970,1129,9685,Financials,no,0,ZION,9958.2
Quad/Graphics,842,0,2960,37,15100,Media,no,0,QUAD,388.5
MKS Instruments,843,0,2949,551,6200,Technology,no,0,MKSI,8327.6
Arista Networks,844,0,2948,840,2993,Technology,no,0,ANET,42773.4
Interactive Brokers Group,845,0,2938,308,2571,Financials,no,0,IBKR,27961.7
Range Resources,846,0,2930,411,527,Energy,no,0,RRC,7964
Atkore,847,0,2928,587,3700,Industrials,no,0,ATKR,4415.6
Cheesecake Factory,848,0,2927,72,45800,"Hotels, Restaurants & Leisure",no,0,CAKE,2098.6
First Solar,849,0,2923,468,4800,Energy,no,0,FSLR,8904.4
Bio-Rad Laboratories,850,0,2922,4245,7900,Technology,no,0,BIO,16982.2
Cooper Cos.,851,0,2922,2944,12000,Health Care,no,0,COO,20587.8
Envista Holdings,852,0,2922,340,11200,Health Care,no,0,NVST,7882.5
Alight,853,0,2915,-60,16000,Business Services,no,0,ALIT,5542.2
Newmark Group,854,0,2906,750,6169,Financials,no,0,NMRK,3009.9
PC Connection,855,0,2892,69,2542,Wholesalers,no,0,CNXN,1375.8
Host Hotels & Resorts,856,0,2890,-11,160,Financials,no,0,HST,13875.9
Boston Properties,857,0,2888,505,743,Financials,no,0,BXP,20179.9
Western Midstream Partners,858,0,2877,916,1127,Energy,no,0,WES,10177.4
Magellan Midstream Partners,859,0,2870,982,1715,Energy,no,0,MMP,10422.1
Hillenbrand,860,0,2864,249,10500,Industrials,no,0,HI,3216.2
Donaldson,861,0,2853,286,13100,Industrials,no,0,DCI,6416.4
Moog,862,0,2852,157,14000,Aerospace & Defense,no,0,MOGA,2814.6
Hawaiian Electric Industries,863,0,2850,246,3623,Energy,no,0,HE,4630
Five Below,864,0,2848,278,13150,Retailing,no,0,FIVE,8825
Twilio,865,0,2841,-949,7867,Technology,no,0,TWLO,29916.9
Univision Communciations,866,0,2841,133,0,Media,no,0,,
Annaly Capital Management,867,0,2836,2389,171,Financials,no,0,NLY,10281
Fleetcor Technologies,868,0,2833,839,9700,Business Services,no,0,FLT,19398.4
West Pharmaceutical Services,869,0,2831,661,10065,Health Care,no,0,WST,30508.2
Green Plains,870,0,2827,-66,859,Energy,no,0,GPRE,1662.5
Cracker Barrel Old Country Store,871,0,2821,254,70000,"Hotels, Restaurants & Leisure",no,0,CBRL,2757.6
Virtu Financial,872,0,2811,476,973,Financials,no,0,VIRT,3674
Teleflex,873,0,2809,485,14000,Health Care,no,0,TFX,16642.1
Zynga,874,0,2800,-104,2952,Media,no,0,,10463.5
ATI,875,0,2799,-38,6300,Materials,no,0,ATI,3350.8
AppLovin,876,0,2793,35,1594,Technology,no,0,APP,20696.8
Waters,877,0,2785,692,7800,Technology,no,0,WAT,18783.4
Mutual of America Life Insurance,878,0,2784,50,1146,Financials,no,0,,
Hovnanian Enterprises,879,0,2782,607,1784,Engineering & Construction,no,0,HOV,371.9
Amica Mutual Insurance,880,0,2777,117,3510,Financials,no,0,,
Caleres,881,0,2777,137,7200,Retailing,no,0,CAL,727.5
FTI Consulting,882,0,2776,235,6780,Business Services,no,0,FCN,5400.1
Overstock.com,883,0,2773,389,1350,Retailing,no,0,OSTK,1897.8
Visteon,884,0,2773,41,10000,Motor Vehicles & Parts,no,0,VC,3056.1
G-III Apparel Group,885,0,2766,200,3250,Apparel,no,0,GIII,1296.1
ITT,886,0,2765,316,9900,Industrials,no,0,ITT,6415.4
IDEX,887,0,2764,449,7536,Industrials,no,0,IEX,14591.6
Popular,888,0,2764,934,8351,Financials,no,0,BPOP,6252.3
Roku,889,0,2764,242,3000,Media,no,0,ROKU,16949.3
Schnitzer Steel Industries,890,0,2758,165,3167,Materials,no,0,SCHN,1445.2
Brookdale Senior Living,891,0,2758,-99,28545,Health Care,no,0,BKD,1308.3
Werner Enterprises,892,0,2734,259,13525,Transportation,no,0,WERN,2697.9
Americold Realty Trust,893,0,2714,-30,16275,Financials,no,0,COLD,7489.8
SkyWest,894,0,2713,111,15205,Transportation,no,0,SKYW,1457.6
Primerica,895,0,2709,373,3170,Financials,no,0,PRI,5326.8
McAfee,896,0,2701,849,2262,Technology,no,0,MCFE,9764.5
Nu Skin Enterprises,897,0,2695,147,19600,Household Products,no,0,NUS,2385.6
Copart,898,0,2692,936,8600,Retailing,no,0,CPRT,29798.8
PROG Holdings,899,0,2677,243,2023,Financials,no,0,PRG,1586.9
Splunk,900,0,2673,-1339,7000,Technology,no,0,SPLK,23881.6
MRC Global,901,0,2666,-14,2600,Energy,no,0,MRC,995.2
Stericycle,902,0,2646,-27,15465,Business Services,no,0,SRCL,5415.5
Maxim Integrated Products,903,0,2632,827,7100,Technology,no,0,MXIM,24490.9
Ensign Group,904,0,2627,194,25900,Health Care,no,0,ENSG,4958.3
SM Energy,905,0,2622,36,506,Energy,no,0,SM,4746.5
Kaiser Aluminum,906,0,2622,-18,3957,Materials,no,0,KALU,1493.9
Federated Mutual Insurance,907,0,2612,320,2702,Financials,no,0,,
F5,908,0,2603,331,6429,Technology,no,0,FFIV,12691.2
Steelcase,909,0,2596,26,11400,Household Products,no,0,SCS,1339.5
Encore Wire,910,0,2592,541,1440,Industrials,no,0,WIRE,2405
Guess,911,0,2591,171,12500,Retailing,no,0,GES,1305.5
Playtika Holding,912,0,2583,308,4000,Media,no,0,PLTK,7965.8
Pinterest,913,0,2578,316,3225,Technology,no,0,PINS,16196.9
WeWork,914,0,2570,-4439,4400,Financials,no,0,WE,4937.4
ManTech International,915,0,2554,137,9800,Technology,no,0,MANT,3517.6
BrightView Holdings,916,0,2553,46,20150,Business Services,no,0,BV,1351.5
NortonLifeLock,917,0,2552,554,2800,Technology,no,0,NLOK,15441.9
Deckers Outdoor,918,0,2545,382,3400,Apparel,no,0,DECK,7457.8
Griffon,919,0,2541,79,6700,Materials,no,0,GFF,1127.8
AMC Entertainment Holdings,920,0,2527,-1269,17122,Media,no,0,AMC,12733.4
Curtiss-Wright,921,0,2505,267,7800,Industrials,no,0,CW,5771
MYR Group,922,0,2498,85,7600,Engineering & Construction,no,0,MYRG,1594.5
Kontoor Brands,923,0,2475,195,14000,Apparel,no,0,KTB,2325.3
Liberty Energy,924,0,2470,-179,3601,Energy,no,0,LBRT,2757.9
Knights of Columbus,925,0,2467,130,749,Financials,no,0,,
AdaptHealth,926,0,2465,156,10700,Health Care,no,0,AHCO,2146.6
MillerKnoll,927,0,2465,173,7600,Household Products,no,0,MLKN,2617.7
Equity Residential,928,0,2464,1332,2400,Financials,no,0,EQR,33802.5
DexCom,929,0,2448,154,6650,Health Care,no,0,DXCM,39152
Rollins,930,0,2424,350,16482,Business Services,no,0,ROL,17260.7
Genesco,931,0,2422,114,11700,Retailing,no,0,GCO,868.7
Bruker,932,0,2417,277,7765,Technology,no,0,BRKR,9694.7
Joann,933,0,2417,56,13530,Retailing,no,0,JOAN,463.2
Wolverine World Wide,934,0,2414,68,4400,Apparel,no,0,WWW,1836.1
Gray Television,935,0,2413,90,8801,Media,no,0,GTN,2093.2
Affiliated Managers Group,936,0,2412,565,4050,Financials,no,0,AMG,5606.8
Summit Materials,937,0,2409,152,5500,Materials,no,0,SUM,3687.8
SLM,938,0,2409,1160,1450,Financials,no,0,SLM,5129.7
Belden,939,0,2408,63,7400,Industrials,no,0,BDC,2492.5
Allison Transmission Holdings,940,0,2402,442,3400,Motor Vehicles & Parts,no,0,ALSN,3810.6
Element Solutions,941,0,2399,203,5300,Chemicals,no,0,ESI,5434.8
Portland General Electric,942,0,2396,244,2839,Energy,no,0,POR,4940
REV Group,943,0,2380,44,6800,Motor Vehicles & Parts,no,0,REVG,843.4
Acadia Healthcare,944,0,2376,190,19200,Health Care,no,0,ACHC,5891.3
Alexandria Real Estate Equities,945,0,2373,571,559,Financials,no,0,ARE,32188.6
Nordson,946,0,2362,454,6813,Industrials,no,0,NDSN,13157.1
NewMarket,947,0,2356,190,2104,Chemicals,no,0,NEU,3346.7
Ohio National Mutual,948,0,2346,-85,1082,Financials,no,0,,
Stepan,949,0,2346,137,2439,Chemicals,no,0,SCL,2215.6
Valhi,950,0,2335,127,2847,Chemicals,no,0,VHI,828.8
Hilton Grand Vacations,951,0,2335,176,13000,"Hotels, Restaurants & Leisure",no,0,HGV,6247.9
Cooper-Standard Holdings,952,0,2330,-322,21300,Motor Vehicles & Parts,no,0,CPS,149
Etsy,953,0,2329,493,2402,Technology,no,0,ETSY,12423
Crocs,954,0,2313,725,5770,Apparel,no,0,CROX,4811
Olympic Steel,955,0,2312,121,1642,Materials,no,0,ZEUS,427.8
Signature Bank,956,0,2311,918,1854,Financials,no,0,SBNY,18416.9
SBA Communications,957,0,2308,237,1596,Financials,no,0,SBAC,37168.7
Murphy Oil,958,0,2300,-73,696,Energy,no,0,MUR,6275.3
Entegris,959,0,2298,409,6850,Technology,no,0,ENTG,17830.9
AvalonBay Communities,960,0,2294,1004,2883,Financials,no,0,AVB,34710.3
Saia,961,0,2288,253,11600,Transportation,no,0,SAIA,6438.4
E.W. Scripps,962,0,2283,122,5600,Media,no,0,SSP,1154
TTEC Holdings,963,0,2273,141,65000,Technology,no,0,TTEC,3878
Sun Communities,964,0,2272,380,5455,Financials,no,0,SUI,20372.8
Alpha Metallurgical Resources,965,0,2258,288,3500,Energy,no,0,AMR,2447.5
GEO Group,966,0,2256,77,15800,Business Services,no,0,GEO,809.8
Viasat,967,0,2256,3,5800,Technology,no,0,VSAT,3630.4
Benchmark Electronics,968,0,2255,35,10900,Technology,no,0,BHE,881.4
Kar Auction Services,969,0,2251,66,8928,Wholesalers,no,0,KAR,2187.3
TTM Technologies,970,0,2248,54,16100,Technology,no,0,TTMI,1506.2
Kirby,971,0,2246,-247,5125,Transportation,no,0,KEX,4345.9
Woodward,972,0,2245,208,7200,Aerospace & Defense,no,0,WWD,7882.4
Clear Channel Outdoor Holdings,973,0,2241,-433,4600,Business Services,no,0,CCO,1630.9
Spire,974,0,2235,271,3710,Energy,no,0,SR,3713.6
Vista Outdoor,975,0,2225,266,5900,Business Services,no,0,VSTO,2007.9
Surgery Partners,976,0,2225,-70,9600,Health Care,no,0,SGRY,4919.1
LHC Group,977,0,2219,115,23000,Health Care,no,0,LHCG,5229.6
Amedisys,978,0,2214,209,21000,Health Care,no,0,AMED,5603.9
Century Aluminum,979,0,2212,-167,2512,Materials,no,0,CENX,2400.3
Arch Resources,980,0,2208,337,3303,Energy,no,0,ARCH,2126.2
Aerojet Rocketdyne Holdings,981,0,2188,143,5000,Aerospace & Defense,no,0,AJRD,3169.4
Sleep Number,982,0,2184,153,5388,Retailing,no,0,SNBR,1123.7
HNI,983,0,2184,59,8000,Household Products,no,0,HNI,1568.7
Pure Storage,984,0,2180,-143,4200,Technology,no,0,PSTG,10238
TrueBlue,985,0,2173,61,6400,Business Services,no,0,TBI,995.6
Party City Holdco,986,0,2171,-6,11450,Retailing,no,0,PRTY,402.6
Dun & Bradstreet Holdings,987,0,2165,-71,6296,Business Services,no,0,DNB,7554
Dropbox,988,0,2157,335,2667,Technology,no,0,DBX,8873.5
New Jersey Resources,989,0,2156,117,1251,Energy,no,0,NJR,4405.4
Acushnet Holdings,990,0,2147,178,6500,"Hotels, Restaurants & Leisure",no,0,GOLF,2914
Harsco,991,0,2147,-3,12000,Business Services,no,0,HSC,969.7
Beazer Homes USA,992,0,2140,122,1052,Engineering & Construction,no,0,BZH,478.8
Chemed,993,0,2139,268,14137,Health Care,no,0,CHE,7592.5
Genesis Energy,994,0,2125,-165,1898,Energy,no,0,GEL,1435.4
BWX Technologies,995,0,2124,305,6600,Aerospace & Defense,no,0,BWXT,4925.6
Vizio Holding,996,0,2124,-39,800,Industrials,no,0,VZIO,1705.1
1-800-Flowers.com,997,0,2122,118,4800,Retailing,no,0,FLWS,830
Cowen,998,0,2112,295,1534,Financials,no,0,COWN,1078
Ashland,999,0,2111,220,4100,Chemicals,no,0,ASH,5601.9
DocuSign,1000,0,2107,-70,7461,Technology,no,0,DOCU,21302.8
